Keyword,English Translation,Language,Market,Intent Sub-Type,Estimated Difficulty,Content Type,Topic Cluster
how to schedule tattoo appointments effectively,,EN,US; UK,how-to,LOW,Blog post / Guide,Booking & Scheduling
tattoo artist scheduling software comparison,,EN,US; UK,comparison,MEDIUM,Comparison table,Booking & Scheduling
what scheduling system do tattoo artists use,,EN,US; UK,what-is,LOW,FAQ / Blog post,Booking & Scheduling
tattoo appointment booking system for freelancers,,EN,US; UK,how-to,LOW,Blog post,Booking & Scheduling
time slot management for tattoo studios guide,,EN,US; UK,guide,LOW,Detailed guide,Booking & Scheduling
how to reduce tattoo appointment no-shows,,EN,US; UK,how-to,LOW-MEDIUM,Blog post,Booking & Scheduling
tattoo artist workload management best practices,,EN,US; UK,tips,LOW,Blog post,Booking & Scheduling
best ways to organize tattoo client requests,,EN,US; UK,how-to,LOW,Blog post,Booking & Scheduling
how to manage walk-in tattoo clients,,EN,US,how-to,LOW,Blog post,Booking & Scheduling
tattoo studio capacity planning tips,,EN,US; UK,tips,LOW,Blog post,Booking & Scheduling
automated reminders for tattoo appointments,,EN,US; UK,how-to,LOW-MEDIUM,Guide,Booking & Scheduling
tattoo artist waitlist management strategies,,EN,US; UK,guide,LOW,Blog post,Booking & Scheduling
managing multiple tattoo bookings simultaneously,,EN,US; UK,how-to,LOW,Blog post,Booking & Scheduling
how to do taxes as a freelance tattoo artist,,EN,US; UK,how-to,MEDIUM,Comprehensive guide,Tax & Bookkeeping
tattoo artist tax deductions checklist,,EN,US; UK,list,LOW-MEDIUM,Checklist / Guide,Tax & Bookkeeping
self-employed tattoo artist accounting guide,,EN,US; UK,guide,MEDIUM,Detailed guide,Tax & Bookkeeping
what expenses can tattoo artists deduct,,EN,US; UK,what-is,LOW,Blog post,Tax & Bookkeeping
tattoo artist quarterly tax payments explained,,EN,US,guide,LOW-MEDIUM,Blog post,Tax & Bookkeeping
tattoo studio bookkeeping software recommendations,,EN,US; UK,tips,LOW-MEDIUM,Comparison guide,Tax & Bookkeeping
how to track tattoo business expenses,,EN,US; UK,how-to,LOW,Blog post / Checklist,Tax & Bookkeeping
tattoo artist income tracking best practices,,EN,US; UK,tips,LOW,Blog post,Tax & Bookkeeping
tax write-offs for tattoo artists comprehensive guide,,EN,US; UK,guide,MEDIUM,Long-form guide,Tax & Bookkeeping
tattoo artist profit and loss statement template,,EN,US; UK,guide,LOW,Template guide,Tax & Bookkeeping
how to keep business records as tattoo artist,,EN,US; UK,how-to,LOW,Blog post,Tax & Bookkeeping
tattoo artist VAT registration UK requirements,,EN,UK,how-to,MEDIUM,Regulatory guide,Tax & Bookkeeping
self-assessment tax return for tattoo artists,,EN,UK; US,guide,MEDIUM,Guide,Tax & Bookkeeping
how to get client approval on tattoo design,,EN,US; UK,how-to,LOW,Blog post,Design Approval
tattoo design consultation best practices guide,,EN,US; UK,guide,LOW,Blog post / Guide,Design Approval
digital tattoo design mockup tools for artists,,EN,US; UK,tips,LOW-MEDIUM,Comparison guide,Design Approval
tattoo design revision policy guidelines,,EN,US; UK,guide,LOW,Blog post,Design Approval
how to present tattoo design options to clients,,EN,US; UK,how-to,LOW,Blog post,Design Approval
tattoo design approval workflow software,,EN,US; UK,what-is,LOW-MEDIUM,Comparison guide,Design Approval
communication tips for tattoo design consultations,,EN,US; UK,tips,LOW,Blog post,Design Approval
how to document approved tattoo designs,,EN,US; UK,how-to,LOW,Blog post / Checklist,Design Approval
virtual tattoo preview tools for client approval,,EN,US; UK,tips,LOW-MEDIUM,Product review / Guide,Design Approval
tattoo artist design change request policy,,EN,US; UK,guide,LOW,Blog post,Design Approval
how to organize tattoo client information,,EN,US; UK,how-to,LOW,Blog post / Checklist,Client Management
tattoo client relationship management software,,EN,US; UK,tips,LOW-MEDIUM,Comparison guide,Client Management
how to maintain tattoo client records safely,,EN,US; UK,how-to,LOW-MEDIUM,Regulatory guide,Client Management
tattoo artist CRM system for small studios,,EN,US; UK,guide,MEDIUM,Comparison guide,Client Management
organizing tattoo client photos and references,,EN,US; UK,how-to,LOW,Blog post,Client Management
tattoo client file organization digital system,,EN,US; UK,how-to,LOW,Blog post,Client Management
how to document tattoo client preferences,,EN,US; UK,how-to,LOW,Blog post / Template,Client Management
building tattoo client database best practices,,EN,US; UK,tips,LOW,Blog post,Client Management
how to start freelance tattoo artist business,,EN,US; UK,how-to,MEDIUM,Comprehensive guide,Freelance Guides
freelance tattoo artist complete business guide,,EN,US; UK,guide,MEDIUM,Long-form guide,Freelance Guides
essential tools every freelance tattoo artist needs,,EN,US; UK,list,LOW-MEDIUM,Product list / Guide,Freelance Guides
freelance tattoo artist income expectations guide,,EN,US; UK,guide,LOW-MEDIUM,Blog post,Freelance Guides
tips for freelance tattoo artists to grow business,,EN,US; UK,tips,LOW,Blog post,Freelance Guides
how to market yourself as freelance tattoo artist,,EN,US; UK,how-to,LOW-MEDIUM,Blog post,Freelance Guides
freelance tattoo artist home studio setup,,EN,US; UK,how-to,LOW-MEDIUM,Guide / Checklist,Freelance Guides
studio tattoo artist vs freelance differences,,EN,US; UK,comparison,LOW,Comparison guide,Studio vs Freelance
should I open tattoo studio or freelance,,EN,US; UK,comparison,LOW,Guide / FAQ,Studio vs Freelance
tattoo studio overhead costs vs freelance,,EN,US; UK,comparison,LOW-MEDIUM,Comparison article,Studio vs Freelance
pros and cons of freelance tattooing,,EN,US; UK,comparison,LOW,Blog post / Listicle,Studio vs Freelance
how to price tattoos as freelance artist,,EN,US; UK,how-to,LOW-MEDIUM,Blog post / Guide,Pricing & Quoting
tattoo artist hourly rate calculator guide,,EN,US; UK,guide,LOW,Tool guide / Blog post,Pricing & Quoting
how to quote custom tattoo designs,,EN,US; UK,how-to,LOW,Blog post,Pricing & Quoting
tattoo pricing by size and complexity guide,,EN,US; UK,guide,LOW,Comprehensive guide,Pricing & Quoting
what to charge for tattoo deposits,,EN,US; UK,how-to,LOW,Blog post,Pricing & Quoting
tattoo deposit policy best practices,,EN,US; UK,tips,LOW,Blog post,Pricing & Quoting
how much to charge per hour as tattoo artist,,EN,US; UK,how-to,LOW-MEDIUM,Blog post / Calculator,Pricing & Quoting
factors affecting tattoo price calculation,,EN,US; UK,guide,LOW,Blog post,Pricing & Quoting
best design apps for tattoo artists,,EN,US; UK,tips,LOW-MEDIUM,Comparison guide,Tools & Apps
tattoo booking software recommendations 2026,,EN,US; UK,tips,MEDIUM,Comparison guide,Tools & Apps
apps tattoo artists should use for business,,EN,US; UK,list,LOW-MEDIUM,Product comparison,Tools & Apps
AI tattoo design tools for artists,,EN,US; UK,tips,LOW-MEDIUM,Review guide,Tools & Apps
tattoo design software free vs paid comparison,,EN,US; UK,comparison,LOW-MEDIUM,Comparison article,Tools & Apps
tattoo consent form requirements explained,,EN,US; UK,guide,LOW,Regulatory guide,Legal & Consent
what should be in tattoo waiver form,,EN,US; UK,what-is,LOW,Blog post,Legal & Consent
tattoo artist legal forms checklist,,EN,US; UK,checklist,LOW-MEDIUM,Checklist / Template,Legal & Consent
how to create tattoo consent form template,,EN,US; UK,how-to,LOW-MEDIUM,Guide / Template,Legal & Consent
tattoo artist liability waiver importance,,EN,US; UK,guide,LOW,Blog post,Legal & Consent
tattoo business license requirements by state,,EN,US,guide,MEDIUM,Regulatory guide,Legal & Consent
UK tattoo artist licensing requirements guide,,EN,UK,guide,MEDIUM,Regulatory guide,Legal & Consent
what legal forms do tattoo artists need,,EN,US; UK,what-is,LOW,Blog post / Checklist,Legal & Consent
how to communicate tattoo aftercare instructions,,EN,US; UK,how-to,LOW,Blog post,Aftercare & Communication
tattoo aftercare instructions template guide,,EN,US; UK,guide,LOW,Template guide,Aftercare & Communication
automated aftercare messages for tattoo clients,,EN,US; UK,tips,LOW,Blog post,Aftercare & Communication
tattoo follow-up communication best practices,,EN,US; UK,tips,LOW,Blog post,Aftercare & Communication
how to reduce tattoo aftercare questions,,EN,US; UK,how-to,LOW-MEDIUM,Blog post,Aftercare & Communication
digital tattoo aftercare information delivery,,EN,US; UK,how-to,LOW,Blog post,Aftercare & Communication
how to handle difficult tattoo clients,,EN,US; UK,how-to,LOW-MEDIUM,Blog post,Client Management
tattoo artist client communication templates,,EN,US; UK,tips,LOW,Template guide,Client Management
tattoo artist portfolio requirements checklist,,EN,US; UK,guide,LOW,Checklist,Freelance Guides
social media marketing for tattoo artists guide,,EN,US; UK,guide,LOW-MEDIUM,Blog post,Freelance Guides
tattoo artist referral program ideas,,EN,US; UK,tips,LOW,Blog post / Listicle,Freelance Guides
tattoo studio equipment startup costs guide,,EN,US; UK,guide,LOW-MEDIUM,Financial guide,Freelance Guides
cancellation policy for tattoo artists template,,EN,US; UK,guide,LOW,Template guide,Booking & Scheduling
tattoo artist intake form questions checklist,,EN,US; UK,checklist,LOW,Checklist / Template,Legal & Consent
hoe registreer je je als tattoo artist,how do you register as a tattoo artist,NL,NL,how-to,LOW,Guide,Freelance Starten
wat is ZZP tattoo artist Nederland,what is ZZP tattoo artist in Netherlands,NL,NL,what-is,LOW,Guide,ZZP Administratie
hoe start je tattoo studio freelance,how do you start a freelance tattoo studio,NL,NL,how-to,LOW,Guide,Freelance Starten
boekhouding tattoo artist beginner,bookkeeping for beginner tattoo artist,NL,NL,how-to,LOW,Blog post,ZZP Administratie
wat kost KvK inschrijving tattoo,what does KVK registration cost for tattoos,NL,NL,what-is,LOW,FAQ,KvK & Vergunningen
hoe verdien je geld tattoo artist,how do you earn money as tattoo artist,NL,NL,how-to,MEDIUM,Blog post,Prijzen & Inkomsten
tattoo prijzen bepalen formule,how to determine tattoo pricing formula,NL,NL,how-to,MEDIUM,Guide,Prijzen & Inkomsten
hoe berekenen je tattoo uurtarief,how do you calculate tattoo hourly rate,NL,NL,how-to,MEDIUM,Guide,Prijzen & Inkomsten
wat is het gemiddelde uurtarief tattoo,what is the average tattoo hourly rate,NL,NL,what-is,LOW,Blog post,Prijzen & Inkomsten
hoeveel rekenen tattoo artists per uur,how much do tattoo artists charge per hour,NL,NL,what-is,LOW,Blog post,Prijzen & Inkomsten
hoe vat berekenen tattoo freelance,how to calculate VAT for freelance tattoo,NL,NL,how-to,MEDIUM,Guide,Belasting & BTW
vat vrijstelling tattoo kunstenaar,VAT exemption for tattoo artist,NL,NL,what-is,MEDIUM,Guide,Belasting & BTW
belasting aangeven tattoo artist,filing taxes as tattoo artist,NL,NL,how-to,MEDIUM,Guide,Belasting & BTW
hoeveel belasting betaal je tattoo artist,how much tax do you pay as tattoo artist,NL,NL,what-is,LOW,FAQ,Belasting & BTW
tattoo inkomstenbelasting aangeven,income tax filing for tattoo artist,NL,NL,how-to,MEDIUM,Guide,Belasting & BTW
boekhouding tattoo zelfstandige,accounting for self-employed tattoo artist,NL,NL,how-to,MEDIUM,Guide,ZZP Administratie
wat moet je bijhouden boekhouding tattoo,what must you track in tattoo bookkeeping,NL,NL,what-is,LOW,Checklist,ZZP Administratie
tattoo vergunning gemeente aanvragen,how to apply for tattoo license from municipality,NL,NL,how-to,MEDIUM,Guide,KvK & Vergunningen
hoe krijg je tattoo vergunning,how do you get a tattoo license,NL,NL,how-to,MEDIUM,Guide,KvK & Vergunningen
ggd vergunning tattoo artist starten,GGD permit for starting tattoo artist,NL,NL,how-to,MEDIUM,Guide,KvK & Vergunningen
wat zijn vereisten tattoo vergunning,what are the requirements for tattoo license,NL,NL,what-is,MEDIUM,Guide,KvK & Vergunningen
tattoo boekhouding software Nederlands,tattoo bookkeeping software Dutch,NL,NL,what-is,LOW,Blog post,Software & Tools
hoe gebruik je tattoo beheer software,how do you use tattoo management software,NL,NL,how-to,LOW,Guide,Software & Tools
tattoo boekhoudprogramma kiezen,choosing tattoo bookkeeping software,NL,NL,how-to,MEDIUM,Guide,Software & Tools
tattoo klantenbeheer systeem voordelen,benefits of tattoo customer management system,NL,NL,what-is,LOW,Blog post,Klantenbeheer
hoe organiseer je tattoo afspraken,how do you organize tattoo appointments,NL,NL,how-to,LOW,Guide,Booking & Planning
tattoo agenda software voordelen,benefits of tattoo scheduling software,NL,NL,what-is,LOW,Blog post,Booking & Planning
hoe design approuver tattoo online,how to approve tattoo design online,NL,NL,how-to,LOW,Guide,Design Goedkeuring
tattoo design approval feedback geven,how to give tattoo design feedback,NL,NL,how-to,LOW,Guide,Design Goedkeuring
hoe delen design tattoo client,how to share tattoo design with client,NL,NL,how-to,LOW,Guide,Design Goedkeuring
tattoo toestemmingsformulier wat is het,what is a tattoo consent form,NL,NL,what-is,LOW,FAQ,Toestemming & Juridisch
waar vind je tattoo consent form,where to find tattoo consent form,NL,NL,how-to,LOW,Guide,Toestemming & Juridisch
tattoo inleiding vragenlijst klant,tattoo intake questionnaire for clients,NL,NL,how-to,LOW,Guide,Toestemming & Juridisch
tattoo allergie vragen checklist,tattoo allergy screening checklist,NL,NL,how-to,LOW,Checklist,Gezondheid & Veiligheid
wat zijn contra-indicaties tattoo,what are contraindications for tattoos,NL,NL,what-is,LOW,Guide,Gezondheid & Veiligheid
tattoo zwangerschap contra-indicatie,is tattoo contraindicated during pregnancy,NL,NL,what-is,LOW,FAQ,Gezondheid & Veiligheid
tattoo huidziekte allergie vragen,tattoo questions for skin disease or allergy,NL,NL,how-to,LOW,Checklist,Gezondheid & Veiligheid
tattoo nazorg instructies geven,how to provide tattoo aftercare instructions,NL,NL,how-to,LOW,Guide,Nazorg & Communicatie
tattoo verzorging eerste twee weken,tattoo care first two weeks,NL,NL,how-to,LOW,Guide,Nazorg & Communicatie
hoe voorkomen tattoo infectie na zetting,how to prevent tattoo infection after application,NL,NL,how-to,LOW,Guide,Nazorg & Communicatie
tattoo kleurvervaging voorkomen tips,how to prevent tattoo color fading,NL,NL,tips,LOW,Blog post,Nazorg & Communicatie
tattoo zonnebrand na healing,tattoo sun protection after healing,NL,NL,tips,LOW,FAQ,Nazorg & Communicatie
tattoo inkt samenstelling veiligheid,tattoo ink composition and safety,NL,NL,what-is,LOW,Guide,Gezondheid & Veiligheid
wat zit er in tattoo inkt,what's in tattoo ink,NL,NL,what-is,LOW,Guide,Gezondheid & Veiligheid
tattoo inkt kleuren allergische reactie,tattoo ink colors allergic reactions,NL,NL,what-is,LOW,Guide,Gezondheid & Veiligheid
tattoo design copyright bescherming,tattoo design copyright protection,NL,NL,what-is,MEDIUM,Guide,Toestemming & Juridisch
hoe bescherm je tattoo designs,how to protect your tattoo designs,NL,NL,how-to,MEDIUM,Guide,Toestemming & Juridisch
tattoo portfolio website hoe maken,how to create tattoo portfolio website,NL,NL,how-to,LOW,Guide,Marketing & Portfolio
tattoo foto's client toestemming,tattoo photos client consent,NL,NL,how-to,LOW,Guide,GDPR & Privacy
tattoo foto's social media GDPR,tattoo photos social media GDPR,NL,NL,how-to,MEDIUM,Guide,GDPR & Privacy
tattoo opname klant toestemmingsverklaring,tattoo client photography consent form,NL,NL,what-is,LOW,Guide,GDPR & Privacy
wie buche ich termine als tätowierer,how do I book appointments as a tattoo artist,DE,DE,how-to,LOW,How-to guide,Terminverwaltung
terminverwaltung für tattoo studio online,appointment management for tattoo studios online,DE,DE,how-to,LOW,Guide,Terminverwaltung
tattoo design freigabe kundengenehmigung,tattoo design approval customer approval,DE,DE,what-is,LOW,FAQ,Design Freigabe
wie kalkuliere ich tattoo preise richtig,how do I calculate tattoo prices correctly,DE,DE,how-to,LOW,Checklist,Preiskalkulation
tattoo stundensatz berechnen kosten,how to calculate tattoo hourly rate,DE,DE,how-to,LOW,Calculator guide,Preiskalkulation
kundendatenbank für tätowierer kostenlos,free customer database for tattoo artists,DE,DE,what-is,MEDIUM,Comparison,Kundenverwaltung
tattoo buchungssystem vergleich 2026,tattoo booking system comparison 2026,DE,DE,comparison,MEDIUM,Comparison table,Software & Tools
was ist eine tattoo einverständniserklärung,what is a tattoo consent form,DE,DE,what-is,LOW,Blog post,Recht & Formulare
tattoo einverständniserklärung vorlage deutsch,tattoo consent form template german,DE,DE,what-is,LOW,Template download,Recht & Formulare
gewerbeanmeldung tattoo studio schritt für schritt,tattoo studio registration step by step,DE,DE,how-to,LOW,Step-by-step guide,Gewerbeanmeldung
tätowierer anmelden beim finanzamt,registering tattoo artist at tax office,DE,DE,how-to,LOW,Guide,Steuern & Buchhaltung
tattoo studio steuern buchhaltung für anfänger,tattoo studio taxes bookkeeping for beginners,DE,DE,what-is,LOW,Comprehensive guide,Steuern & Buchhaltung
umsatzsteuer tattoo künstler wie funktioniert,VAT for tattoo artists how it works,DE,DE,what-is,LOW,Explainer,Steuern & Buchhaltung
tattoo künstler oder handwerker unterschied,tattoo artist or craftsperson difference,DE,DE,what-is,LOW,Blog post,Recht & Formulare
freiberufler tätowierer vs gewerbetreibender,freelancer tattoo artist vs tradesperson,DE,DE,comparison,MEDIUM,Comparison guide,Recht & Formulare
nachsorge anweisungen tattoo kommunikation kunde,aftercare instructions tattoo client communication,DE,DE,how-to,LOW,Template guide,Nachsorge
wie schreibe ich tattoo nachsorge anweisungen,how to write tattoo aftercare instructions,DE,DE,how-to,LOW,Guide,Nachsorge
tattoo nachsorge vorlage für kunden,tattoo aftercare template for clients,DE,DE,what-is,LOW,Template,Nachsorge
tattoo terminplanung app features vergleich,tattoo appointment planning app feature comparison,DE,DE,comparison,MEDIUM,Feature matrix,Software & Tools
digitale kundenverwaltung tattoo atelier,digital client management tattoo studio,DE,DE,what-is,LOW,Overview,Kundenverwaltung
tattoo studio finanzamt umsatzsteuervoranmeldung,tattoo studio VAT quarterly declaration,DE,DE,how-to,MEDIUM,Guide,Steuern & Buchhaltung
wie viel verdient ein tätowierer monatlich,how much does a tattoo artist earn monthly,DE,DE,what-is,LOW,Salary guide,Preiskalkulation
tattoo preise unterschiedliche städte deutschland,tattoo prices different German cities,DE,DE,comparison,LOW,Price guide,Preiskalkulation
selbstständig tätowierer gewerbeanmeldung anforderungen,freelance tattoo artist registration requirements,DE,DE,what-is,LOW,Checklist,Gewerbeanmeldung
tätowierer ausbildung dauer kosten 2026,tattoo artist training duration costs 2026,DE,DE,what-is,MEDIUM,Guide,Freiberufler Guides
tattoo studio eröffnen kapitalausstattung startkosten,open tattoo studio capital startup costs,DE,DE,what-is,LOW,Budget guide,Freiberufler Guides
betriebshaftpflicht tattoo studio versicherung,business liability insurance tattoo studio,DE,DE,what-is,LOW,Explainer,Recht & Formulare
krankenversicherung freiberufler tätowierer künstlersozialversicherung,health insurance freelance tattoo artist KSK,DE,DE,what-is,MEDIUM,Guide,Recht & Formulare
tattoo termin verfallsdatum stornierungsrichtlinie,tattoo appointment expiration cancellation policy,DE,DE,how-to,LOW,Policy template,Terminverwaltung
depositbuchung tattoo vorauszahlung verwaltung,tattoo deposit booking prepayment management,DE,DE,how-to,LOW,Guide,Terminverwaltung
tattoo kunden kontaktieren erinnerung vor termin,tattoo clients reminding before appointment,DE,DE,how-to,LOW,Guide,Kundenverwaltung
datenschutz tattoo studio kundendaten dsgvo,data protection tattoo studio customer data GDPR,DE,DE,what-is,MEDIUM,Compliance guide,Recht & Formulare
wie organisiere ich mein tattoo portfolio digital,how to organize my tattoo portfolio digitally,DE,DE,how-to,LOW,Guide,Marketing & Portfolio
tattoo design digital erstellen genehmigung,tattoo design digital creation approval,DE,DE,how-to,LOW,Tutorial,Design Freigabe
tattoo preiskalkulation größe komplexität farbe,tattoo price calculation size complexity color,DE,DE,how-to,LOW,Guide,Preiskalkulation
tattoo künstler steuererklärung 2026 anlage eür,tattoo artist tax return 2026 schedule,DE,DE,what-is,MEDIUM,Guide,Steuern & Buchhaltung
warteliste tattoo studio verwaltung,tattoo studio waitlist management,DE,DE,how-to,LOW,System guide,Terminverwaltung
tattoo studio mitarbeiterverwaltung freiberufler,tattoo studio staff management freelancer,DE,DE,how-to,LOW,Guide,Kundenverwaltung
online buchungsformular tattoo wochenende feiertag,tattoo online booking form weekends holidays,DE,DE,how-to,LOW,Setup guide,Terminverwaltung
tattoo genehmigung kunde vorlage unterschrift,tattoo approval form client template signature,DE,DE,what-is,LOW,Template,Design Freigabe
rechtliche anforderungen tattoo hygiene deutschland,legal requirements tattoo hygiene Germany,DE,DE,what-is,MEDIUM,Compliance guide,Recht & Formulare
kostenlose rechnungsvorlage tätowierer service,free invoice template tattoo artist service,DE,DE,what-is,LOW,Template,Steuern & Buchhaltung
tattoo studio mobil freiberuflich anforderungen,tattoo studio mobile freelance requirements,DE,DE,what-is,MEDIUM,Checklist,Freiberufler Guides
angebot schreiben tätowierer vorlage,write quote tattoo artist template,DE,DE,how-to,LOW,Template,Preiskalkulation
nachbesserung retouch tattoo kosten berechnen,touchup retouch tattoo cost calculation,DE,DE,how-to,LOW,Guide,Preiskalkulation
farbberatung tattoo kunde vor termin,color consultation tattoo client before appointment,DE,DE,how-to,LOW,Guide,Kundenverwaltung
tattoo studio regeln hausordnung,tattoo studio rules house order,DE,DE,what-is,LOW,Template,Recht & Formulare
notfallprotokolle tattoo studio allergische reaktion,emergency protocols tattoo studio allergic reaction,DE,DE,what-is,MEDIUM,Guide,Recht & Formulare
tattoo studio marketing tipps neue kunden,tattoo studio marketing tips new clients,DE,DE,tips,MEDIUM,Blog post,Marketing & Portfolio
künstlerische freiheit vs kundenwunsch tattoo,artistic freedom vs client request tattoo,DE,DE,tips,LOW,Blog post,Freiberufler Guides
sozialversicherung tätowierer künstler oder handwerk,social insurance tattoo artist artist or craft,DE,DE,what-is,MEDIUM,Guide,Recht & Formulare
termine verwaltung mehrere tätowierer studio,appointment management multiple tattoo artists,DE,DE,how-to,LOW,Guide,Terminverwaltung
